epoch,train_loss,val_loss
1,0.2117501823231578,3238.284423828125
