epoch,train_loss,val_loss
1,0.6746712327003479,0.851685643196106
2,0.6066080331802368,0.9999914169311523
3,0.5968230366706848,0.8802473545074463
4,0.5872361958026886,0.6485495567321777
